Measured (averaged) LSPR peak wavelength \ nm,Given concentration ethylene glycol in water (percent),Fitted LSPR peak wavelength \ nm,Fitted concentration ethylene glycol in water (percent),One sigma uncertainty for fitted concentation ethylene glycol in water (percent)
761.7208,0,761.5208,-1.6534766679824315,0.9644582023177106
761.9909,5,761.5259210210211,-1.6010880748117415,0.9629954382116858
762.7016,10,761.531042042042,-1.548699481641961,0.9615341425402467
763.7098,20,761.5361630630631,-1.4963108884703615,0.9600743220312886
764.7761,30,761.541284084084,-1.443922295300581,0.9586159833937683
766.4367,50,761.5464051051051,-1.391533702129891,0.9571591334162783
,,761.5515261261262,-1.339145108959201,0.9557037789142556
,,761.5566471471471,-1.2867565157894205,0.9542499266995813
,,761.5617681681682,-1.234367922617821,0.9527975836720831
,,761.5668891891892,-1.1819793294480405,0.951346756758914
,,761.5720102102102,-1.1295907362773505,0.9498974528763516
,,761.5771312312312,-1.07720214310757,0.9484496790139904
,,761.5822522522523,-1.0248135499359705,0.94700344221214
,,761.5873732732733,-0.9724249567652805,0.9455587494851512
,,761.5924942942943,-0.9200363635955,0.9441156079598217
,,761.5976153153154,-0.86764777042481,0.9426740247294911
,,761.6027363363363,-0.8152591772550295,0.9412340069618899
,,761.6078573573574,-0.76287058408343,0.9397955618763649
,,761.6129783783784,-0.71048199091274,0.9383586966666162
,,761.6180993993994,-0.6580933977429595,0.9369234186246306
,,761.6232204204205,-0.6057048045722695,0.9354897350790926
,,761.6283414414414,-0.553316211402489,0.9340576533176448
,,761.6334624624625,-0.5009276182308895,0.9326271807502805
,,761.6385834834834,-0.448539025061109,0.9311983248085808
,,761.6437045045045,-0.396150431890419,0.9297710929144497
,,761.6488255255256,-0.343761838719729,0.9283454925739607
,,761.6539465465465,-0.291373245549039,0.9269215313150758
,,761.6590675675676,-0.23898465237834898,0.9254992166798204
,,761.6641885885886,-0.18659605920856848,0.9240785563029936
,,761.6693096096096,-0.13420746603787848,0.9226595578338898
,,761.6744306306307,-0.08181887286627898,0.9212422289046793
,,761.6795516516516,-0.029430279696498474,0.919826577296252
,,761.6846726726727,0.022958313474191527,0.9184126106936309
,,761.6897936936937,0.07534690664397203,0.9170003369469303
,,761.6949147147147,0.12773549981466203,0.9155897638817642
,,761.7000357357357,0.18012409298444254,0.9141808993387064
,,761.7051567567568,0.23251268615604204,0.9127737512529727
,,761.7102777777778,0.28490127932673204,0.9113683275831508
,,761.7153987987988,0.33728987249651254,0.9099646362952394
,,761.7205198198199,0.38967846566811204,0.9085626854346273
,,761.7256408408408,0.44206705883789255,0.9071624830864511
,,761.7307618618619,0.49445565200858255,0.9057640373195164
,,761.735882882883,0.5468442451792725,0.904367356322786
,,761.7410039039039,0.599232838349053,0.9029724482369371
,,761.746124924925,0.6516214315206525,0.9015793213313731
,,761.7512459459459,0.7040100246904331,0.9001879838676511
,,761.756366966967,0.7563986178611231,0.8987984441640194
,,761.761487987988,0.8087872110309036,0.8974107105470437
,,761.766609009009,0.8611758042015936,0.8960247914327067
,,761.7717300300301,0.9135643973731931,0.8946406952293383
,,761.776851051051,0.9659529905429736,0.8932584304269835
,,761.7819720720721,1.0183415837136636,0.8918780055570731
,,761.7870930930931,1.070730176883444,0.8904994291353742
,,761.7922141141141,1.1231187700550436,0.8891227097844416
,,761.7973351351352,1.1755073632257336,0.8877478561523071
,,761.8024561561562,1.227895956395514,0.8863748768878701
,,761.8075771771772,1.280284549566204,0.8850037807640418
,,761.8126981981982,1.3326731427359846,0.8836345765056062
,,761.8178192192192,1.385061735907584,0.8822672729206088
,,761.8229402402402,1.4374503290773646,0.8809018788760359
,,761.8280612612613,1.4898389222480546,0.8795384032898077
,,761.8331822822823,1.5422275154187446,0.8781768550398417
,,761.8383033033033,1.594616108588525,0.8768172431627024
,,761.8434243243244,1.6470047017601246,0.8754595766219275
,,761.8485453453453,1.699393294929905,0.8741038645236822
,,761.8536663663664,1.751781888100595,0.872750115975939
,,761.8587873873875,1.804170481271285,0.871398340104987
,,761.8639084084084,1.856559074441975,0.8700485461139065
,,761.8690294294295,1.908947667612665,0.8687007432662057
,,761.8741504504504,1.9613362607824456,0.867354940810581
,,761.8792714714715,2.0137248539531356,0.8660111480814082
,,761.8843924924925,2.066113447122916,0.8646693744823643
,,761.8895135135135,2.1185020402945156,0.8633296293687573
,,761.8946345345346,2.1708906334652056,0.861991922249512
,,761.8997555555555,2.223279226634986,0.8606562625936989
,,761.9048765765766,2.275667819805676,0.8593226599570055
,,761.9099975975976,2.3280564129754566,0.8579911239482615
,,761.9151186186186,2.380445006147056,0.8566616642041399
,,761.9202396396397,2.432833599317746,0.8553342903721285
,,761.9253606606607,2.4852221924875266,0.8540090122126152
,,761.9304816816817,2.5376107856582166,0.852685839480066
,,761.9356027027027,2.5899993788289066,0.8513647819911084
,,761.9407237237237,2.6423879719995966,0.8500458496333302
,,761.9458447447447,2.694776565169377,0.8487290522798575
,,761.9509657657658,2.747165158340067,0.847414399883441
,,761.9560867867868,2.7995537515116666,0.8461019024940221
,,761.9612078078078,2.851942344681447,0.844791570086979
,,761.9663288288289,2.904330937852137,0.8434834127865698
,,761.9714498498498,2.9567195310219176,0.8421774407458767
,,761.9765708708709,3.0091081241926076,0.8408736641035031
,,761.981691891892,3.061496717364207,0.8395720931305227
,,761.9868129129129,3.1138853105339876,0.8382727380663263
,,761.991933933934,3.1662739037046777,0.8369756092311152
,,761.9970549549549,3.218662496874458,0.8356807170349627
,,762.002175975976,3.2710510900460577,0.8343880718474315
,,762.007296996997,3.323439683215838,0.8330976841367187
,,762.012418018018,3.375828276386528,0.8318095644351496
,,762.0175390390391,3.428216869557218,0.8305237232517824
,,762.02266006006,3.4806054627269987,0.829240171221101
,,762.0277810810811,3.532994055898598,0.8279589189718793
,,762.0329021021021,3.5853826490683787,0.8266799772060537
,,762.0380231231231,3.6377712422390687,0.8254033566461019
,,762.0431441441442,3.6901598354097587,0.8241290681231883
,,762.0482651651652,3.742548428579539,0.8228571224185385
,,762.0533861861862,3.7949370217511387,0.8215875304575774
,,762.0585072072072,3.847325614920919,0.8203203031333407
,,762.0636282282283,3.899714208091609,0.8190554514302775
,,762.0687492492492,3.9521028012613897,0.8177929863712573
,,762.0738702702703,4.004491394432989,0.8165329190531899
,,762.0789912912913,4.056879987603679,0.8152752605580273
,,762.0841123123123,4.10926858077346,0.8140200220863953
,,762.0892333333334,4.16165717394415,0.8127672148059936
,,762.0943543543543,4.21404576711393,0.8115168499944613
,,762.0994753753754,4.26643436028553,0.8102689389949893
,,762.1045963963965,4.31882295345622,0.8090234930995682
,,762.1097174174174,4.371211546626,0.8077805237554173
,,762.1148384384385,4.42360013979669,0.806540042412473
,,762.1199594594594,4.475988732966471,0.8053020605501612
,,762.1250804804805,4.52837732613807,0.8040665897044159
,,762.1302015015015,4.580765919307851,0.8028336415040065
,,762.1353225225225,4.633154512478541,0.8016032275619664
,,762.1404435435436,4.685543105649231,0.8003753595751035
,,762.1455645645646,4.737931698819921,0.7991500492605397
,,762.1506855855856,4.790320291990611,0.7979273084102048
,,762.1558066066066,4.842708885160391,0.796707148872767
,,762.1609276276276,4.895097478331081,0.7954895825262456
,,762.1660486486487,4.947486071502681,0.7942746212595289
,,762.1711696696697,4.999874664672461,0.7930622770913364
,,762.1762906906907,5.052263257843151,0.7918525620146136
,,762.1814117117117,5.104651851012932,0.7906454880879621
,,762.1865327327328,5.157040444183622,0.7894410674726061
,,762.1916537537537,5.209429037353402,0.788239312266619
,,762.1967747747748,5.261817630525002,0.7870402347166587
,,762.2018957957958,5.314206223695692,0.7858438470983241
,,762.2070168168168,5.366594816865472,0.784650161669591
,,762.2121378378379,5.418983410036162,0.7834591908188484
,,762.2172588588588,5.471372003206852,0.7822709469538505
,,762.2223798798799,5.523760596377542,0.7810854424548571
,,762.227500900901,5.576149189548232,0.7799026898978934
,,762.2326219219219,5.628537782718013,0.7787227017474627
,,762.237742942943,5.680926375889612,0.7775454906266271
,,762.2428639639639,5.733314969059393,0.7763710691959281
,,762.247984984985,5.785703562230083,0.7751994500781301
,,762.253106006006,5.838092155399863,0.774030646007879
,,762.258227027027,5.890480748570553,0.7728646698038444
,,762.2633480480481,5.942869341742153,0.7717015342368893
,,762.268469069069,5.995257934911933,0.7705412521803205
,,762.2735900900901,6.047646528082623,0.76938383657236
,,762.2787111111111,6.100035121252404,0.7682293003309129
,,762.2838321321321,6.152423714424003,0.7670776564667544
,,762.2889531531532,6.204812307594693,0.7659289180457416
,,762.2940741741742,6.257200900764474,0.7647830981411636
,,762.2991951951952,6.309589493935164,0.7636402099095236
,,762.3043162162162,6.361978087104944,0.7625002664952363
,,762.3094372372373,6.414366680276544,0.7613632811542645
,,762.3145582582582,6.466755273446324,0.7602292671587335
,,762.3196792792793,6.519143866617014,0.7590982378348736
,,762.3248003003004,6.571532459787704,0.7579702065245045
,,762.3299213213213,6.623921052957485,0.7568451866519188
,,762.3350423423424,6.676309646129084,0.7557231916276859
,,762.3401633633633,6.728698239298865,0.7546042349733604
,,762.3452843843844,6.781086832469555,0.7534883302445133
,,762.3504054054055,6.833475425640245,0.7523754909724131
,,762.3555264264264,6.885864018810935,0.7512657308085672
,,762.3606474474475,6.938252611981625,0.7501590634280636
,,762.3657684684684,6.990641205151405,0.7490555025097546
,,762.3708894894895,7.043029798322095,0.7479550618232679
,,762.3760105105105,7.095418391491876,0.7468577551803932
,,762.3811315315315,7.147806984663475,0.7457635963665189
,,762.3862525525526,7.200195577834165,0.7446725993059581
,,762.3913735735736,7.252584171003946,0.7435847778666804
,,762.3964945945946,7.304972764174636,0.7425001460356927
,,762.4016156156156,7.357361357344416,0.7414187178211767
,,762.4067366366367,7.409749950516016,0.7403405072323833
,,762.4118576576577,7.462138543686706,0.7392655283676115
,,762.4169786786787,7.514527136856486,0.7381937953551039
,,762.4220996996997,7.566915730027176,0.7371253223230325
,,762.4272207207207,7.619304323197866,0.7360601234977237
,,762.4323417417418,7.671692916368556,0.7349982131047463
,,762.4374627627627,7.724081509538337,0.7339396053980111
,,762.4425837837838,7.776470102709027,0.7328843146990462
,,762.4477048048049,7.828858695880626,0.7318323553868967
,,762.4528258258258,7.881247289050407,0.7307837418082779
,,762.4579468468469,7.933635882221097,0.7297384884162755
,,762.4630678678678,7.986024475390877,0.7286966096506267
,,762.4681888888889,8.038413068561567,0.727658119996951
,,762.47330990991,8.090801661733167,0.7266230340364723
,,762.4784309309309,8.143190254902947,0.7255913662755507
,,762.483551951952,8.195578848073637,0.7245631313453011
,,762.488672972973,8.247967441243418,0.723538343891175
,,762.493793993994,8.300356034414108,0.7225170185522224
,,762.498915015015,8.352744627584798,0.7214991700511076
,,762.504036036036,8.405133220755488,0.7204848131233008
,,762.5091570570571,8.457521813926178,0.7194739625366818
,,762.5142780780781,8.509910407095958,0.7184666330707946
,,762.5193990990991,8.562299000267558,0.7174628395973363
,,762.5245201201201,8.614687593437338,0.716462596927741
,,762.5296411411412,8.667076186608028,0.7154659199950759
,,762.5347621621622,8.719464779778718,0.714472823711577
,,762.5398831831832,8.771853372948499,0.7134833230289438
,,762.5450042042042,8.824241966120098,0.7124974329174376
,,762.5501252252252,8.876630559289879,0.7115151683959302
,,762.5552462462463,8.929019152460569,0.7105365444802764
,,762.5603672672672,8.98140774563035,0.7095615762543028
,,762.5654882882883,9.03379633880104,0.7085902788181601
,,762.5706093093094,9.086184931972639,0.7076226672670888
,,762.5757303303303,9.13857352514242,0.706658756752378
,,762.5808513513514,9.19096211831311,0.7056985624294047
,,762.5859723723723,9.24335071148289,0.7047420994981612
,,762.5910933933934,9.29573930465449,0.7037893831820796
,,762.5962144144145,9.34812789782518,0.7028404286652673
,,762.6013354354354,9.40051649099496,0.7018952512676526
,,762.6064564564565,9.45290508416565,0.7009538662582393
,,762.6115774774775,9.50529367733543,0.7000162889059073
,,762.6166984984985,9.55768227050703,0.6990825345410281
,,762.6218195195195,9.61007086367681,0.6981526185341976
,,762.6269405405405,9.6624594568475,0.697226556180869
,,762.6320615615616,9.71484805001819,0.6963043629194436
,,762.6371825825826,9.76723664318888,0.6953860541116381
,,762.6423036036036,9.81962523635957,0.6944716451668421
,,762.6474246246246,9.872013829529351,0.6935611515415685
,,762.6525456456457,9.924402422700041,0.6926545886338479
,,762.6576666666667,9.97679101587164,0.6917519719081889
,,762.6627876876877,10.029179609041421,0.6908533168635369
,,762.6679087087088,10.081568202212111,0.689958638927156
,,762.6730297297297,10.133956795381891,0.6890679536222194
,,762.6781507507508,10.186345388552581,0.6881812764618058
,,762.6832717717717,10.238733981722362,0.687298622937346
,,762.6883927927928,10.291122574893961,0.686420008570575
,,762.6935138138139,10.343511168064651,0.6855454489128143
,,762.6986348348348,10.395899761234432,0.6846749594804825
,,762.7037558558559,10.448288354405122,0.6838085558284313
,,762.7088768768768,10.500676947575812,0.6829462534853395
,,762.7139978978979,10.553065540746502,0.6820880680272853
,,762.719118918919,10.605454133917192,0.6812340150237036
,,762.7242399399399,10.657842727086972,0.6803841100150128
,,762.729360960961,10.710231320258572,0.6795383685543139
,,762.734481981982,10.762619913428352,0.6786968062708414
,,762.739603003003,10.815008506599042,0.6778594386333335
,,762.744724024024,10.867397099768823,0.6770262812704867
,,762.749845045045,10.919785692939513,0.6761973497450122
,,762.7549660660661,10.972174286111112,0.675372659584577
,,762.7600870870871,11.024562879280893,0.6745522263669046
,,762.7652081081081,11.076951472451583,0.6737360656651018
,,762.7703291291291,11.129340065621363,0.6729241929601444
,,762.7754501501502,11.181728658792053,0.6721166238450147
,,762.7805711711712,11.234117251963653,0.6713133738509671
,,762.7856921921922,11.286505845133433,0.6705144584678604
,,762.7908132132133,11.338894438304123,0.669719893240686
,,762.7959342342342,11.391283031473904,0.6689296936383644
,,762.8010552552553,11.443671624645503,0.6681438751611815
,,762.8061762762762,11.496060217815284,0.6673624533290562
,,762.8112972972973,11.548448810985974,0.666585443538736
,,762.8164183183184,11.600837404156664,0.6658128612587583
,,762.8215393393393,11.653225997326444,0.6650447219631981
,,762.8266603603604,11.705614590498044,0.6642810409882769
,,762.8317813813813,11.758003183667824,0.6635218337827462
,,762.8369024024024,11.810391776838514,0.6627671157318442
,,762.8420234234235,11.862780370009204,0.6620169021229185
,,762.8471444444444,11.915168963178985,0.6612712083308784
,,762.8522654654655,11.967557556350584,0.6605300496854585
,,762.8573864864865,12.019946149520365,0.6597934414258001
,,762.8625075075075,12.072334742691055,0.6590613988424108
,,762.8676285285285,12.124723335860836,0.6583339371327155
,,762.8727495495496,12.177111929032435,0.657611071510124
,,762.8778705705706,12.229500522203125,0.6568928171919803
,,762.8829915915916,12.281889115372906,0.6561791892432799
,,762.8881126126126,12.334277708543596,0.6554702028189808
,,762.8932336336336,12.386666301713376,0.6547658730300745
,,762.8983546546547,12.439054894884976,0.6540662148421548
,,762.9034756756757,12.491443488055666,0.6533712433185593
,,762.9085966966967,12.543832081225446,0.6526809734191525
,,762.9137177177178,12.596220674396136,0.6519954200656545
,,762.9188387387387,12.648609267566826,0.6513145981627021
,,762.9239597597598,12.700997860737516,0.6506385225631288
,,762.9290807807807,12.753386453907297,0.6499672080666105
,,762.9342018018018,12.805775047077987,0.6493006694407161
,,762.9393228228229,12.858163640249586,0.6486389214308741
,,762.9444438438438,12.910552233419367,0.6479819786917979
,,762.9495648648649,12.962940826590057,0.6473298558758552
,,762.9546858858859,13.015329419759837,0.6466825675194545
,,762.9598069069069,13.067718012930527,0.646040128187784
,,762.964927927928,13.120106606102127,0.6454025523836755
,,762.9700489489489,13.172495199271907,0.6447698544897783
,,762.97516996997,13.224883792442597,0.644142048879833
,,762.980290990991,13.277272385612378,0.6435191499401491
,,762.985412012012,13.329660978783068,0.6429011718422232
,,762.990533033033,13.382049571953758,0.6422881288351447
,,762.9956540540541,13.434438165124448,0.6416800350747928
,,763.0007750750751,13.486826758295138,0.6410769046109488
,,763.0058960960961,13.539215351464918,0.6404787514879473
,,763.0110171171171,13.591603944636518,0.6398855896867065
,,763.0161381381381,13.643992537806298,0.6392974330436725
,,763.0212591591592,13.696381130976988,0.6387142954199395
,,763.0263801801802,13.748769724147678,0.6381361905862563
,,763.0315012012012,13.801158317317459,0.6375631321987024
,,763.0366222222223,13.853546910489058,0.6369951339113115
,,763.0417432432432,13.905935503658839,0.6364322092606527
,,763.0468642642643,13.958324096829529,0.6358743716871134
,,763.0519852852852,14.010712689999309,0.635321634659374
,,763.0571063063063,14.063101283169999,0.634774011432744
,,763.0622273273274,14.115489876341599,0.6342315152766063
,,763.0673483483483,14.167878469511379,0.6336941594045148
,,763.0724693693694,14.220267062682069,0.6331619568349867
,,763.0775903903904,14.27265565585185,0.6326349205966335
,,763.0827114114114,14.325044249023449,0.6321130636580767
,,763.0878324324325,14.377432842194139,0.6315963987768767
,,763.0929534534534,14.42982143536392,0.6310849387743135
,,763.0980744744745,14.48221002853461,0.6305786962922827
,,763.1031954954955,14.53459862170439,0.6300776838723547
,,763.1083165165165,14.58698721487599,0.6295819140699002
,,763.1134375375375,14.63937580804577,0.6290913992217821
,,763.1185585585586,14.69176440121646,0.6286061516180863
,,763.1236795795796,14.74415299438715,0.6281261835472434
,,763.1288006006006,14.79654158755693,0.627651507039958
,,763.1339216216217,14.84893018072853,0.6271821341456337
,,763.1390426426426,14.90131877389831,0.6267180768037196
,,763.1441636636637,14.953707367069,0.6262593467493406
,,763.1492846846847,15.0060959602406,0.6258059557789529
,,763.1544057057057,15.05848455341038,0.6253579154935953
,,763.1595267267268,15.11087314658107,0.6249152373670472
,,763.1646477477477,15.163261739750851,0.6244779328259467
,,763.1697687687688,15.215650332921541,0.6240460131670246
,,763.1748897897897,15.268038926091322,0.6236194895673427
,,763.1800108108108,15.320427519262921,0.6231983731062624
,,763.1851318318319,15.372816112433611,0.6227826747991978
,,763.1902528528528,15.425204705603392,0.6223724054210814
,,763.1953738738739,15.477593298774082,0.6219675757853801
,,763.2004948948949,15.529981891944772,0.6215681964740429
,,763.2056159159159,15.582370485115462,0.6211742780115179
,,763.210736936937,15.634759078286152,0.620785830840201
,,763.215857957958,15.687147671455932,0.6204028651550662
,,763.220978978979,15.739536264627532,0.6200253911601589
,,763.2261,15.791924857797312,0.6196534189150744
,,763.231221021021,15.844313450968002,0.6192869582866297
,,763.236342042042,15.896702044137783,0.6189260190767191
,,763.2414630630631,15.949090637308473,0.6185706109859606
,,763.2465840840841,16.001479230480072,0.6182207434948412
,,763.2517051051051,16.053867823649853,0.6178764260624224
,,763.2568261261262,16.106256416820543,0.6175376679604785
,,763.2619471471471,16.158645009990323,0.6172044783310832
,,763.2670681681682,16.211033603161013,0.6168768662090182
,,763.2721891891892,16.263422196332613,0.6165548404734631
,,763.2773102102102,16.315810789502393,0.6162384098821986
,,763.2824312312313,16.368199382673083,0.6159275830941195
,,763.2875522522522,16.420587975842864,0.6156223685500055
,,763.2926732732733,16.472976569014463,0.6153227746130955
,,763.2977942942944,16.525365162185153,0.615028809520811
,,763.3029153153153,16.577753755354934,0.6147404813245162
,,763.3080363363364,16.630142348525624,0.614457797959383
,,763.3131573573573,16.682530941695404,0.6141807672552357
,,763.3182783783784,16.734919534867004,0.613909396805218
,,763.3233993993994,16.787308128036784,0.6136436941661271
,,763.3285204204204,16.839696721207474,0.6133836666797056
,,763.3336414414415,16.892085314378164,0.6131293215664321
,,763.3387624624625,16.944473907547945,0.6128806659127228
,,763.3438834834835,16.996862500719544,0.6126377066699958
,,763.3490045045045,17.049251093889325,0.6124004505587024
,,763.3541255255255,17.101639687060015,0.6121689042692967
,,763.3592465465466,17.154028280231614,0.6119430742237562
,,763.3643675675676,17.206416873401395,0.6117229667885683
,,763.3694885885886,17.258805466572085,0.6115085881669481
,,763.3746096096096,17.311194059741865,0.6112999443265482
,,763.3797306306307,17.363582652912555,0.6110970411651753
,,763.3848516516516,17.415971246082336,0.6108998844624761
,,763.3899726726727,17.468359839253935,0.6107084796766605
,,763.3950936936938,17.520748432424625,0.610522832289078
,,763.4002147147147,17.573137025594406,0.6103429475533941
,,763.4053357357358,17.625525618765096,0.6101688305305223
,,763.4104567567567,17.677914211934876,0.6100004861832827
,,763.4155777777778,17.730302805106476,0.6098379193161387
,,763.4206987987989,17.782691398277166,0.6096811344790504
,,763.4258198198198,17.835079991446946,0.6095301361935065
,,763.4309408408409,17.887468584618546,0.6093849287490818
,,763.4360618618618,17.939857177788326,0.6092455162863396
,,763.4411828828829,17.992245770959016,0.6091119027843157
,,763.4463039039039,18.044634364128797,0.608984092036059
,,763.4514249249249,18.097022957299487,0.6088620877078166
,,763.456545945946,18.149411550471086,0.6087458933385511
,,763.461666966967,18.201800143640867,0.6086355121840663
,,763.466787987988,18.254188736811557,0.6085309474436014
,,763.471909009009,18.306577329981337,0.6084322021159708
,,763.47703003003,18.358965923152027,0.608339279023027
,,763.4821510510511,18.411354516323627,0.608252180845132
,,763.4872720720721,18.463743109493407,0.6081709100968659
,,763.4923930930931,18.516131702664097,0.6080954690788062
,,763.4975141141141,18.568520295833878,0.6080258599728969
,,763.5026351351352,18.620908889005477,0.607962084806262
,,763.5077561561561,18.673297482175258,0.6079041453910776
,,763.5128771771772,18.725686075345948,0.6078520434200451
,,763.5179981981983,18.778074668516638,0.6078057803584338
,,763.5231192192192,18.83046326168642,0.6077653575635593
,,763.5282402402403,18.882851854858018,0.607730776212778
,,763.5333612612612,18.9352404480278,0.6077020372554223
,,763.5384822822823,18.98762904119849,0.6076791415802715
,,763.5436033033034,19.04001763436918,0.6076620898118994
,,763.5487243243243,19.09240622753896,0.6076508824422774
,,763.5538453453454,19.14479482071056,0.6076455197947864
,,763.5589663663663,19.19718341388034,0.6076460020600924
,,763.5640873873874,19.24957200705103,0.6076523291763835
,,763.5692084084084,19.30196060022081,0.6076645009730602
,,763.5743294294294,19.35434919339241,0.6076825171228647
,,763.5794504504505,19.4067377865631,0.6077063770820637
,,763.5845714714715,19.45912637973288,0.6077360801623665
,,763.5896924924925,19.51151497290357,0.6077716255429906
,,763.5948135135135,19.56390356607335,0.6078130121390958
,,763.5999345345346,19.61629215924495,0.607860238805451
,,763.6050555555556,19.66868075241564,0.6079133041570349
,,763.6101765765766,19.72106934558542,0.6079722066650017
,,763.6152975975976,19.77345793875611,0.6080369446688577
,,763.6204186186186,19.82584653192589,0.6081075162570347
,,763.6255396396397,19.87823512509749,0.6081839193988052
,,763.6306606606606,19.93062371826727,0.6082661519684691
,,763.6357816816817,19.98301231143796,0.6083542115064164
,,763.6409027027028,20.03540090460956,0.6084480955185437
,,763.6460237237237,20.08778949777934,0.6085478013569551
,,763.6511447447448,20.14017809095003,0.6086533261007924
,,763.6562657657657,20.19256668411981,0.6087646667240662
,,763.6613867867868,20.2449552772905,0.6088818200840859
,,763.6665078078079,20.2973438704621,0.6090047827784993
,,763.6716288288288,20.34973246363188,0.6091335513489281
,,763.6767498498499,20.40212105680257,0.6092681220305686
,,763.6818708708709,20.45450964997235,0.6094084910274803
,,763.6869918918919,20.50689824314304,0.6095546543578066
,,763.6921129129129,20.559286836312822,0.6097066077947001
,,763.697233933934,20.61167542948442,0.6098643470459735
,,763.702354954955,20.66406402265511,0.6100278676353164
,,763.707475975976,20.716452615824892,0.6101971648791091
,,763.712596996997,20.76884120899649,0.6103722339944295
,,763.717718018018,20.821229802166272,0.6105530700281399
,,763.7228390390391,20.873618395336962,0.6107396678337725
,,763.7279600600601,20.926006988507652,0.6109320221437596
,,763.7330810810811,20.978395581677432,0.6111301275105849
,,763.7382021021022,21.030784174849032,0.6113339783313838
,,763.7433231231231,21.083172768018812,0.6115435689082094
,,763.7484441441442,21.135561361189502,0.6117588933060042
,,763.7535651651651,21.187949954359283,0.6119799454724546
,,763.7586861861862,21.240338547529973,0.6122067192387634
,,763.7638072072073,21.292727140701572,0.612439208177873
,,763.7689282282282,21.345115733871353,0.6126774058430572
,,763.7740492492493,21.397504327042043,0.6129213055904944
,,763.7791702702702,21.449892920211823,0.613170900544671
,,763.7842912912913,21.502281513383423,0.6134261838129813
,,763.7894123123124,21.554670106554113,0.6136871483085597
,,763.7945333333333,21.607058699723893,0.613953786715788
,,763.7996543543544,21.659447292894583,0.6142260917046806
,,763.8047753753754,21.711835886064364,0.6145040557421456
,,763.8098963963964,21.764224479235963,0.6147876711167992
,,763.8150174174174,21.816613072405744,0.6150769300347115
,,763.8201384384384,21.869001665576434,0.615371824537547
,,763.8252594594595,21.921390258747124,0.6156723465036787
,,763.8303804804805,21.973778851916904,0.615978487732007
,,763.8355015015015,22.026167445088504,0.6162902398484523
,,763.8406225225225,22.078556038258284,0.6166075943071474
,,763.8457435435436,22.130944631428974,0.6169305424977926
,,763.8508645645646,22.183333224600574,0.6172590756051514
,,763.8559855855856,22.235721817770354,0.6175931847164148
,,763.8611066066067,22.288110410941044,0.6179328608458148
,,763.8662276276276,22.340499004110825,0.61827809475911
,,763.8713486486487,22.392887597281515,0.6186288771632804
,,763.8764696696696,22.445276190451295,0.6189851986605069
,,763.8815906906907,22.497664783622895,0.6193470496435788
,,763.8867117117118,22.550053376793585,0.6197144204499846
,,763.8918327327327,22.602441969963365,0.6200873012690642
,,763.8969537537538,22.654830563134055,0.6204656821550457
,,763.9020747747747,22.707219156303836,0.6208495530517724
,,763.9071957957958,22.759607749475435,0.6212389038056397
,,763.9123168168169,22.811996342646125,0.6216337240965651
,,763.9174378378378,22.864384935815906,0.6220340035329935
,,763.9225588588589,22.916773528987505,0.622439731536142
,,763.9276798798799,22.969162122157286,0.6228508974933895
,,763.9328009009009,23.021550715327976,0.6232674906659236
,,763.9379219219219,23.073939308497756,0.6236895001317608
,,763.943042942943,23.126327901668446,0.6241169149155458
,,763.948163963964,23.178716494840046,0.6245497239430817
,,763.953284984985,23.231105088009826,0.6249879159844172
,,763.958406006006,23.283493681180516,0.6254314797251529
,,763.963527027027,23.335882274350297,0.6258804037793354
,,763.9686480480481,23.388270867520987,0.626334676562901
,,763.9737690690691,23.440659460692586,0.6267942865043233
,,763.9788900900901,23.493048053862367,0.6272592218251606
,,763.9840111111112,23.545436647033057,0.6277294706924955
,,763.9891321321321,23.597825240202837,0.6282050212201389
,,763.9942531531532,23.650213833374437,0.6286858613540994
,,763.9993741741741,23.702602426544217,0.6291719789436184
,,764.0044951951952,23.754991019714907,0.6296633618003356
,,764.0096162162163,23.807379612885597,0.6301599975839911
,,764.0147372372372,23.859768206055378,0.6306618738848063
,,764.0198582582583,23.912156799226977,0.6311689782247881
,,764.0249792792793,23.964545392396758,0.631681297989924
,,764.0301003003003,24.016933985567448,0.6321988205008227
,,764.0352213213214,24.069322578738138,0.6327215330140233
,,764.0403423423423,24.12171117190792,0.6332494226313835
,,764.0454633633634,24.174099765079518,0.6337824764624953
,,764.0505843843844,24.2264883582493,0.6343206814880581
,,764.0557054054054,24.27887695141999,0.6348640245843984
,,764.0608264264264,24.33126554458977,0.635412492570778
,,764.0659474474475,24.38365413776137,0.635966072210701
,,764.0710684684685,24.43604273093206,0.6365247501217722
,,764.0761894894895,24.48843132410184,0.6370885129601337
,,764.0813105105105,24.54081991727253,0.6376573471703316
,,764.0864315315315,24.59320851044231,0.638231239226733
,,764.0915525525526,24.64559710361391,0.6388101755091772
,,764.0966735735736,24.6979856967846,0.6393941422817171
,,764.1017945945946,24.75037428995438,0.6399831257851756
,,764.1069156156157,24.80276288312507,0.6405771122269722
,,764.1120366366366,24.85515147629485,0.6411760876348325
,,764.1171576576577,24.90754006946645,0.6417800380741131
,,764.1222786786786,24.95992866263623,0.6423889495241164
,,764.1273996996997,25.01231725580692,0.643002807856947
,,764.1325207207208,25.06470584897852,0.643621598952153
,,764.1376417417417,25.1170944421483,0.6442453085622483
,,764.1427627627628,25.16948303531899,0.644873922427238
,,764.1478837837838,25.22187162848877,0.6455074262419481
,,764.1530048048048,25.27426022165946,0.6461458056122883
,,764.1581258258259,25.32664881483106,0.6467890460905212
,,764.1632468468468,25.37903740800084,0.6474371332215658
,,764.1683678678679,25.43142600117153,0.6480900524093958
,,764.1734888888889,25.48381459434131,0.6487477890870621
,,764.1786099099099,25.536203187512,0.6494103286504066
,,764.1837309309309,25.58859178068178,0.6500776563697905
,,764.188851951952,25.64098037385338,0.6507497575259894
,,764.193972972973,25.69336896702407,0.6514266173777123
,,764.199093993994,25.74575756019385,0.6521082210512174
,,764.204215015015,25.79814615336545,0.6527945537204141
,,764.209336036036,25.85053474653523,0.653485600518617
,,764.2144570570571,25.90292333970592,0.65418134642861
,,764.2195780780781,25.95531193287661,0.6548817765400565
,,764.2246990990991,26.007700526046392,0.6555868757947374
,,764.2298201201202,26.06008911921799,0.6562966291547082
,,764.2349411411411,26.112477712387772,0.6570110215478862
,,764.2400621621622,26.164866305558462,0.657730037880361
,,764.2451831831831,26.217254898728243,0.6584536629602251
,,764.2503042042042,26.269643491898933,0.6591818816316257
,,764.2554252252253,26.322032085070532,0.6599146786653679
,,764.2605462462462,26.374420678240313,0.660652038859496
,,764.2656672672673,26.426809271411003,0.6613939469521853
,,764.2707882882883,26.479197864580783,0.6621403876121377
,,764.2759093093093,26.531586457752383,0.6628913455607561
,,764.2810303303304,26.583975050923073,0.6636468054851825
,,764.2861513513514,26.636363644092853,0.6644067519738237
,,764.2912723723724,26.688752237263543,0.6651711696710919
,,764.2963933933934,26.741140830433324,0.6659400432344154
,,764.3015144144144,26.793529423604923,0.666713357149666
,,764.3066354354354,26.845918016774704,0.6674910960601954
,,764.3117564564565,26.898306609945394,0.6682732444947501
,,764.3168774774775,26.950695203116084,0.669059786967033
,,764.3219984984985,27.003083796285864,0.6698507080419809
,,764.3271195195196,27.055472389457464,0.6706459921737362
,,764.3322405405405,27.107860982627244,0.6714456239023642
,,764.3373615615616,27.160249575797934,0.6722495877028198
,,764.3424825825826,27.212638168968624,0.6730578680295771
,,764.3476036036036,27.265026762139314,0.6738704493717352
,,764.3527246246247,27.317415355310004,0.6746873162106644
,,764.3578456456456,27.369803948479785,0.6755084529348705
,,764.3629666666667,27.422192541650475,0.6763338440459441
,,764.3680876876876,27.474581134820255,0.6771634739976786
,,764.3732087087087,27.526969727991855,0.677997327175872
,,764.3783297297298,27.579358321162545,0.6788353880604902
,,764.3834507507507,27.631746914332325,0.6796776410654761
,,764.3885717717718,27.684135507503015,0.6805240706256528
,,764.3936927927928,27.736524100672796,0.6813746611761924
,,764.3988138138138,27.788912693844395,0.6822293971855607
,,764.4039348348349,27.841301287015085,0.6830882630497382
,,764.4090558558559,27.893689880184866,0.6839512432425512
,,764.4141768768769,27.946078473356465,0.6848183221779968
,,764.4192978978979,27.998467066526246,0.6856894843282767
,,764.424418918919,28.050855659696936,0.686564714171366
,,764.4295399399399,28.103244252866716,0.6874439961178085
,,764.434660960961,28.155632846037406,0.6883273146600515
,,764.439781981982,28.208021439209006,0.6892146543094928
,,764.444903003003,28.260410032378786,0.6901059995234602
,,764.4500240240241,28.312798625549476,0.6910013347906984
,,764.455145045045,28.365187218719257,0.6919006446636102
,,764.4602660660661,28.417575811889947,0.6928039136222056
,,764.4653870870872,28.469964405061546,0.6937111262222956
,,764.4705081081081,28.522352998231327,0.6946222670016066
,,764.4756291291292,28.574741591402017,0.6955373205330774
,,764.4807501501501,28.627130184571797,0.6964562713837092
,,764.4858711711712,28.679518777743397,0.697379104178068
,,764.4909921921922,28.731907370913177,0.698305803484149
,,764.4961132132132,28.784295964083867,0.6992363539602824
,,764.5012342342343,28.836684557254557,0.7001707402202894
,,764.5063552552552,28.889073150424338,0.701108946938399
,,764.5114762762763,28.941461743595937,0.7020509588289541
,,764.5165972972973,28.993850336765718,0.7029967605538229
,,764.5217183183183,29.046238929936408,0.7039463368476098
,,764.5268393393394,29.098627523107098,0.7048996724870199
,,764.5319603603604,29.151016116276878,0.705856752198617
,,764.5370813813814,29.203404709448478,0.7068175608040873
,,764.5422024024024,29.255793302618258,0.7077820830867592
,,764.5473234234234,29.308181895788948,0.7087503038850541
,,764.5524444444444,29.36057048895873,0.7097222081031572
,,764.5575654654655,29.412959082130328,0.7106977806089744
,,764.5626864864865,29.465347675301018,0.7116770063067283
,,764.5678075075075,29.5177362684708,0.7126598701579037
,,764.5729285285286,29.57012486164149,0.7136463570898639
,,764.5780495495495,29.62251345481127,0.7146364521393904
,,764.5831705705706,29.67490204798287,0.7156301403205101
,,764.5882915915917,29.72729064115356,0.7166274066761715
,,764.5934126126126,29.77967923432334,0.7176282362990696
,,764.5985336336337,29.83206782749403,0.7186326143016664
,,764.6036546546546,29.88445642066381,0.7196405258066796
,,764.6087756756757,29.93684501383541,0.7206519560083197
,,764.6138966966967,29.98923360700519,0.7216668901221034
,,764.6190177177177,30.04162220017588,0.7226853133652872
,,764.6241387387388,30.09401079334657,0.723707211027945
,,764.6292597597597,30.14639938651726,0.724732568372769
,,764.6343807807808,30.19878797968795,0.7257613707763193
,,764.6395018018018,30.25117657285773,0.7267936035787507
,,764.6446228228228,30.30356516602842,0.7278292522347135
,,764.6497438438439,30.35595375920002,0.7288683021135758
,,764.6548648648649,30.4083423523698,0.7299107387698548
,,764.6599858858859,30.46073094554049,0.7309565476240433
,,764.6651069069069,30.51311953871027,0.7320057142922487
,,764.670227927928,30.56550813188096,0.7330582243373212
,,764.6753489489489,30.61789672505074,0.7341140633690052
,,764.68046996997,30.67028531822234,0.7351732170442564
,,764.685590990991,30.72267391139303,0.7362356710675511
,,764.690712012012,30.77506250456281,0.7373014111714484
,,764.6958330330331,30.82745109773441,0.7383704231170256
,,764.700954054054,30.87983969090419,0.7394426927238228
,,764.7060750750751,30.93222828407488,0.7405182058307442
,,764.7111960960962,30.98461687724557,0.7415969483554063
,,764.7163171171171,31.03700547041535,0.7426789061864152
,,764.7214381381382,31.08939406358695,0.7437640652917977
,,764.7265591591591,31.14178265675673,0.7448524117287966
,,764.7316801801802,31.19417124992742,0.7459439314780009
,,764.7368012012012,31.246559843097202,0.7470386106782543
,,764.7419222222222,31.298948436267892,0.7481364354607549
,,764.7470432432433,31.35133702943949,0.7492373919691172
,,764.7521642642643,31.403725622609272,0.7503414664374354
,,764.7572852852853,31.456114215779962,0.7514486451417804
,,764.7624063063063,31.508502808949743,0.7525589143327812
,,764.7675273273273,31.560891402121342,0.7536722603715327
,,764.7726483483484,31.613279995292032,0.7547886696715025
,,764.7777693693694,31.665668588461813,0.755908128621693
,,764.7828903903904,31.718057181632503,0.7570306237219281
,,764.7880114114114,31.770445774802283,0.7581561414674138
,,764.7931324324325,31.822834367973883,0.7592846684068073
,,764.7982534534534,31.875222961143663,0.7604161911614913
,,764.8033744744745,31.927611554314353,0.7615506964064546
,,764.8084954954955,31.980000147485043,0.7626881707654778
,,764.8136165165165,32.032388740654824,0.7638286010311248
,,764.8187375375376,32.08477733382642,0.764971973945237
,,764.8238585585585,32.137165926996204,0.7661182763422784
,,764.8289795795796,32.189554520166894,0.7672674951301839
,,764.8341006006007,32.241943113337584,0.7684196171577471
,,764.8392216216216,32.294331706508274,0.7695746294330124
,,764.8443426426427,32.346720299678964,0.7707325189526483
,,764.8494636636636,32.399108892848744,0.7718932727590743
,,764.8545846846847,32.451497486019434,0.7730568779405996
,,764.8597057057057,32.503886079189215,0.7742233216973404
,,764.8648267267267,32.556274672360814,0.7753925911531786
,,764.8699477477478,32.608663265531504,0.7765646735816697
,,764.8750687687688,32.661051858701285,0.7777395562276298
,,764.8801897897898,32.713440451871975,0.7789172264479276
,,764.8853108108108,32.765829045041755,0.7800976716271506
,,764.8904318318318,32.818217638213355,0.7812808791778456
,,764.8955528528529,32.870606231384045,0.7824668365593506
,,764.9006738738739,32.922994824553825,0.7836555312964514
,,764.9057948948949,32.975383417724515,0.7848469509329714
,,764.9109159159159,33.027772010895205,0.7860410831061113
,,764.916036936937,33.080160604065895,0.7872379154629885
,,764.9211579579579,33.132549197235676,0.7884374356978988
,,764.926278978979,33.184937790406366,0.7896396315615938
,,764.9314,33.237326383577965,0.7908444908704675
,,764.936521021021,33.289714976747746,0.7920520014605382
,,764.9416420420421,33.342103569918436,0.7932621512152236
,,764.946763063063,33.394492163088216,0.7944749280745418
,,764.9518840840841,33.446880756258906,0.7956903200259361
,,764.9570051051052,33.499269349430506,0.7969083151225698
,,764.9621261261261,33.551657942600286,0.7981289014285183
,,764.9672471471472,33.604046535770976,0.7993520670736883
,,764.9723681681681,33.65643512894076,0.8005778002627872
,,764.9774891891892,33.70882372211145,0.8018060891753122
,,764.9826102102102,33.76121231528214,0.8030369221201488
,,764.9877312312312,33.81360090845283,0.8042702874083012
,,764.9928522522523,33.86598950162352,0.8055061733893747
,,764.9979732732733,33.9183780947933,0.8067445684967401
,,765.0030942942943,33.9707666879649,0.8079854612022283
,,765.0082153153153,34.02315528113468,0.8092288399892184
,,765.0133363363364,34.07554387430537,0.810474693424723
,,765.0184573573574,34.12793246747606,0.8117230101501333
,,765.0235783783784,34.18032106064584,0.8129737787735963
,,765.0286993993994,34.23270965381744,0.8142269880135904
,,765.0338204204204,34.28509824698722,0.8154826266002722
,,765.0389414414415,34.33748684015791,0.8167406833469915
,,765.0440624624625,34.3898754333286,0.8180011471055101
,,765.0491834834835,34.44226402649929,0.8192640067482729
,,765.0543045045046,34.49465261966998,0.8205292512129123
,,765.0594255255255,34.54704121283976,0.8217968694932142
,,765.0645465465466,34.59942980601045,0.8230668506124855
,,765.0696675675675,34.65181839918023,0.8243391836677741
,,765.0747885885886,34.70420699235183,0.8256138577767365
,,765.0799096096097,34.75659558552252,0.8268908620953859
,,765.0850306306306,34.8089841786923,0.828170185853246
,,765.0901516516517,34.86137277186299,0.8294518183443144
,,765.0952726726726,34.91376136503277,0.8307357488567969
,,765.1003936936937,34.96614995820437,0.8320219667434083
,,765.1055147147148,35.01853855137506,0.833310461447362
,,765.1106357357357,35.07092714454484,0.8346012223799111
,,765.1157567567568,35.12331573771553,0.8358942390862665
,,765.1208777777778,35.17570433088622,0.837189501088409
,,765.1259987987988,35.22809292405691,0.8384869979810028
,,765.1311198198198,35.28048151722669,0.8397867194224479
,,765.1362408408409,35.33287011039738,0.8410886550654578
,,765.1413618618619,35.38525870356898,0.8423927946782975
,,765.1464828828829,35.43764729673876,0.8436991280492969
,,765.151603903904,35.49003588990945,0.84500764495252
,,765.1567249249249,35.54242448307923,0.8463183352942912
,,765.161845945946,35.59481307624992,0.8476311890180118
,,765.166966966967,35.64720166942152,0.8489461960269952
,,765.172087987988,35.6995902625913,0.8502633463647354
,,765.1772090090091,35.75197885576199,0.8515826301030047
,,765.18233003003,35.80436744893177,0.8529040372992288
,,765.1874510510511,35.85675604210246,0.8542275581501626
,,765.192572072072,35.90914463527315,0.8555531827869517
,,765.1976930930931,35.96153322844384,0.8568809014881619
,,765.2028141141142,36.01392182161453,0.8582107045347517
,,765.2079351351351,36.06631041478431,0.859542582218755
,,765.2130561561562,36.11869900795591,0.8608765249448516
,,765.2181771771772,36.17108760112569,0.8622125231284629
,,765.2232981981982,36.22347619429638,0.8635505671958978
,,765.2284192192193,36.27586478746707,0.8648906476770344
,,765.2335402402402,36.32825338063685,0.8662327551375456
,,765.2386612612613,36.38064197380845,0.8675768801369124
,,765.2437822822823,36.43303056697823,0.8689230133207994
,,765.2489033033033,36.48541916014892,0.8702711453955243
,,765.2540243243243,36.5378077533187,0.871621267044327
,,765.2591453453454,36.59019634648939,0.8729733690527806
,,765.2642663663664,36.64258493966099,0.8743274422666021
,,765.2693873873874,36.69497353283077,0.8756834774916877
,,765.2745084084085,36.74736212600146,0.8770414656688427
,,765.2796294294294,36.79975071917124,0.8784013977072787
,,765.2847504504505,36.85213931234284,0.879763264609114
,,765.2898714714715,36.90452790551353,0.8811270574027944
,,765.2949924924925,36.95691649868331,0.882492767143086
,,765.3001135135136,37.009305091854,0.883860384960459
,,765.3052345345345,37.06169368502378,0.8852299020278181
,,765.3103555555556,37.11408227819538,0.886601309502919
,,765.3154765765765,37.16647087136516,0.8879745986597755
,,765.3205975975976,37.21885946453585,0.8893497607734112
,,765.3257186186187,37.27124805770654,0.8907267871445422
,,765.3308396396396,37.32363665087723,0.8921056691729639
,,765.3359606606607,37.37602524404792,0.8934863982755332
,,765.3410816816817,37.428413837217704,0.8948689658618229
,,765.3462027027027,37.480802430388394,0.8962533634642448
,,765.3513237237238,37.53319102355999,0.8976395825670588
,,765.3564447447447,37.585579616729774,0.8990276147930583
,,765.3615657657658,37.637968209900464,0.9004174517410597
,,765.3666867867868,37.690356803070244,0.9018090850588699
,,765.3718078078078,37.742745396240934,0.9032025064350191
,,765.3769288288288,37.795133989410715,0.9045977076468729
,,765.3820498498499,37.847522582582314,0.9059946804235852
,,765.3871708708709,37.899911175753004,0.9073934165989831
,,765.3922918918919,37.952299768922785,0.9087939080628836
,,765.397412912913,38.004688362093475,0.9101961466648947
,,765.4025339339339,38.057076955264165,0.9116001243585481
,,765.407654954955,38.109465548434855,0.91300583314487
,,765.412775975976,38.161854141605545,0.9144132650085127
,,765.417896996997,38.214242734775326,0.9158224120213126
,,765.4230180180181,38.266631327946925,0.9172332662862427
,,765.428139039039,38.319019921116706,0.9186458199135596
,,765.4332600600601,38.371408514287396,0.9200600651078836
,,765.438381081081,38.423797107457176,0.9214759940333869
,,765.4435021021021,38.476185700627866,0.9228935989719237
,,765.4486231231232,38.528574293799466,0.9243128722278087
,,765.4537441441441,38.580962886969246,0.9257338061120642
,,765.4588651651652,38.633351480139936,0.9271563929660503
,,765.4639861861862,38.68574007330972,0.9285806252318886
,,765.4691072072072,38.73812866648041,0.9300064953188261
,,765.4742282282283,38.790517259652006,0.9314339957129814
,,765.4793492492493,38.84290585282179,0.9328631189534909
,,765.4844702702703,38.89529444599248,0.9342938575543565
,,765.4895912912913,38.94768303916226,0.9357262041369544
,,765.4947123123123,39.00007163233386,0.9371601513284132
,,765.4998333333333,39.05246022550364,0.9385956917616958
,,765.5049543543544,39.10484881867433,0.9400328181685604
,,765.5100753753754,39.15723741184502,0.9414715232784643
,,765.5151963963964,39.2096260050148,0.9429117998572836
,,765.5203174174175,39.2620145981864,0.9443536407302724
,,765.5254384384384,39.31440319135618,0.9457970387201848
,,765.5305594594595,39.36679178452687,0.9472419867165442
,,765.5356804804806,39.41918037769756,0.9486884776599116
,,765.5408015015015,39.47156897086734,0.950136504472693
,,765.5459225225226,39.52395756403894,0.9515860601434992
,,765.5510435435435,39.57634615720872,0.9530371377420246
,,765.5561645645646,39.62873475037941,0.9544897302737073
,,765.5612855855856,39.68112334354919,0.9559438308401653
,,765.5664066066066,39.73351193672079,0.9573994326081767
,,765.5715276276277,39.78590052989148,0.9588565287030584
,,765.5766486486486,39.83828912306126,0.9603151123227374
,,765.5817696696697,39.89067771623195,0.9617751767373062
,,765.5868906906907,39.94306630940173,0.9632367151752748
,,765.5920117117117,39.99545490257333,0.9646997209522072
,,765.5971327327328,40.04784349574402,0.9661641873948568
,,765.6022537537538,40.1002320889138,0.9676301078637403
,,765.6073747747748,40.15262068208449,0.969097475798031
,,765.6124957957958,40.20500927525518,0.9705662845951168
,,765.6176168168168,40.25739786842587,0.972036527730778
,,765.6227378378378,40.30978646159565,0.9735081987287963
,,765.6278588588589,40.36217505476634,0.974981291086062
,,765.6329798798799,40.41456364793794,0.9764557983846414
,,765.6381009009009,40.46695224110772,0.9779317142540281
,,765.643221921922,40.51934083427841,0.9794090322891602
,,765.6483429429429,40.57172942744819,0.980887746162037
,,765.653463963964,40.62411802061888,0.9823678495841973
,,765.658584984985,40.67650661379048,0.9838493362621393
,,765.663706006006,40.72889520696026,0.9853321999712888
,,765.6688270270271,40.78128380013095,0.986816434511331
,,765.673948048048,40.83367239330073,0.9883020336840275
,,765.6790690690691,40.88606098647142,0.9897889913667969
,,765.68419009009,40.93844957964211,0.9912773014388324
,,765.6893111111111,40.9908381728128,0.9927669577958298
,,765.6944321321322,41.04322676598349,0.9942579544304445
,,765.6995531531531,41.09561535915327,0.9957502852782003
,,765.7046741741742,41.14800395232487,0.9972439443639189
,,765.7097951951952,41.20039254549465,0.9987389257574216
,,765.7149162162162,41.25278113866534,1.0002352234787069
,,765.7200372372373,41.30516973183603,1.0017328316654581
,,765.7251582582583,41.35755832500581,1.0032317444562024
,,765.7302792792793,41.40994691817741,1.0047319559686563
,,765.7354003003003,41.46233551134719,1.0062334604301113
,,765.7405213213214,41.51472410451788,1.0077362520683928
,,765.7456423423423,41.56711269768766,1.0092403250903001
,,765.7507633633634,41.61950129085835,1.0107456738042138
,,765.7558843843844,41.67188988402995,1.0122522925403457
,,765.7610054054054,41.72427847719973,1.0137601755932304
,,765.7661264264265,41.77666707037042,1.015269317351059
,,765.7712474474474,41.8290556635402,1.0167797122020272
,,765.7763684684685,41.8814442567118,1.0182913545772772
,,765.7814894894896,41.93383284988249,1.0198042389363766
,,765.7866105105105,41.98622144305227,1.0213183597386817
,,765.7917315315316,42.03861003622296,1.0228337115003123
,,765.7968525525525,42.09099862939274,1.0243502887866969
,,765.8019735735736,42.14338722256434,1.0258680861129772
,,765.8070945945946,42.19577581573412,1.0273870981073319
,,765.8122156156156,42.24816440890481,1.028907319382918
,,765.8173366366367,42.3005530020755,1.030428744580412
,,765.8224576576577,42.352941595245284,1.0319513683749202
,,765.8275786786787,42.40533018841688,1.033475185496908
,,765.8326996996997,42.457718781586664,1.035000190626405
,,765.8378207207207,42.510107374757354,1.036526378561907
,,765.8429417417418,42.56249596792895,1.0380537440513418
,,765.8480627627628,42.614884561098734,1.0395822819394798
,,765.8531837837838,42.667273154269424,1.041111987041484
,,765.8583048048048,42.719661747439204,1.0426428542199495
,,765.8634258258259,42.772050340609894,1.044174878363707
,,765.8685468468468,42.824438933779675,1.045708054408563
,,765.8736678678679,42.876827526951274,1.0472423772605857
,,765.878788888889,42.929216120121964,1.048777841907379
,,765.8839099099099,42.981604713291745,1.050314443355196
,,765.889030930931,43.033993306462435,1.0518521765942705
,,765.8941519519519,43.086381899633125,1.0533910366818722
,,765.899272972973,43.138770492803815,1.054931018679799
,,765.9043939939941,43.191159085974505,1.0564721176888312
,,765.909515015015,43.243547679144285,1.0580143288209916
,,765.9146360360361,43.295936272315885,1.0595576472338497
,,765.919757057057,43.348324865485665,1.061102068082243
,,765.9248780780781,43.400713458656355,1.0626475865662761
,,765.9299990990991,43.453102051826136,1.0641941978968563
,,765.9351201201201,43.505490644996826,1.0657418973161468
,,765.9402411411412,43.557879238168425,1.0672906801110216
,,765.9453621621622,43.610267831338206,1.0688405415379105
,,765.9504831831832,43.662656424508896,1.0703914769318266
,,765.9556042042042,43.715045017678676,1.0719434816379678
,,765.9607252252252,43.767433610849366,1.0734965509981353
,,765.9658462462463,43.819822204020966,1.0750506804117153
,,765.9709672672673,43.872210797190746,1.0766058653015187
,,765.9760882882883,43.924599390361436,1.0781621010664175
,,765.9812093093093,43.97698798353122,1.0797193831826435
,,765.9863303303304,44.029376576702816,1.081277707142714
,,765.9914513513513,44.0817651698726,1.0828370684150415
,,765.9965723723724,44.13415376304329,1.0843974625515067
,,766.0016933933935,44.18654235621398,1.0859588850796993
,,766.0068144144144,44.23893094938376,1.087521331583421
,,766.0119354354355,44.29131954255536,1.0890847976622382
,,766.0170564564564,44.34370813572514,1.0906492789247404
,,766.0221774774775,44.39609672889583,1.092214770988515
,,766.0272984984986,44.44848532206652,1.0937812695466458
,,766.0324195195195,44.5008739152363,1.0953487702609315
,,766.0375405405406,44.5532625084079,1.0969172688284787
,,766.0426615615615,44.60565110157768,1.0984867610013622
,,766.0477825825826,44.65803969474837,1.1000572425068993
,,766.0529036036036,44.71042828791815,1.101628709107308
,,766.0580246246246,44.76281688108975,1.1032011566192836
,,766.0631456456457,44.81520547426044,1.1047745808280298
,,766.0682666666667,44.86759406743022,1.106348977579592
,,766.0733876876877,44.91998266060091,1.107924342727925
,,766.0785087087087,44.97237125377069,1.10950067214143
,,766.0836297297298,45.02475984694229,1.1110779617356312
,,766.0887507507508,45.07714844011298,1.1126562073878676
,,766.0938717717718,45.12953703328276,1.1142354050681977
,,766.0989927927928,45.18192562645345,1.1158155507409668
,,766.1041138138138,45.23431421962323,1.1173966403453488
,,766.1092348348349,45.28670281279483,1.1189786699125976
,,766.1143558558558,45.33909140596461,1.1205616354615426
,,766.1194768768769,45.3914799991353,1.1221455330116772
,,766.124597897898,45.4438685923069,1.1237303586285097
,,766.1297189189189,45.49625718547668,1.125316108416808
,,766.13483993994,45.54864577864737,1.126902778429962
,,766.1399609609609,45.60103437181715,1.1284903648122222
,,766.145081981982,45.65342296498784,1.130078863707956
,,766.1502030030031,45.70581155815944,1.131668271268106
,,766.155324024024,45.75820015132922,1.133258583650176
,,766.1604450450451,45.81058874449991,1.1348497970951514
,,766.165566066066,45.86297733766969,1.1364419077668853
,,766.1706870870871,45.91536593084038,1.1380349119380784
,,766.1758081081081,45.96775452401016,1.1396288058363186
,,766.1809291291291,46.02014311718176,1.1412235857400608
,,766.1860501501502,46.07253171035245,1.1428192479528327
,,766.1911711711712,46.12492030352223,1.1444157887776587
,,766.1962921921922,46.17730889669383,1.1460132045297888
,,766.2014132132132,46.22969748986361,1.147611491581023
,,766.2065342342343,46.2820860830343,1.1492106462643763
,,766.2116552552553,46.33447467620499,1.1508106649945031
,,766.2167762762763,46.38686326937477,1.1524115441471976
,,766.2218972972973,46.43925186254637,1.1540132801479583
,,766.2270183183183,46.49164045571615,1.1556158694401908
,,766.2321393393394,46.54402904888684,1.1572193084913966
,,766.2372603603603,46.59641764205662,1.1588235937428029
,,766.2423813813814,46.64880623522731,1.1604287217161608
,,766.2475024024025,46.70119482839891,1.1620346888879876
,,766.2526234234234,46.75358342156869,1.1636414918087052
,,766.2577444444445,46.80597201473938,1.1652491270209833
,,766.2628654654654,46.85836060790916,1.1668575910598171
,,766.2679864864865,46.91074920108076,1.1684668805211
,,766.2731075075076,46.96313779425145,1.170076992011484
,,766.2782285285285,47.01552638742123,1.1716879221048593
,,766.2833495495496,47.06791498059192,1.173299667460428
,,766.2884705705706,47.1203035737617,1.1749122247292514
,,766.2935915915916,47.1726921669333,1.1765255905481442
,,766.2987126126126,47.22508076010308,1.178139761601553
,,766.3038336336336,47.27746935327377,1.179754734590417
,,766.3089546546547,47.32985794644446,1.1813705062197593
,,766.3140756756757,47.38224653961424,1.1829870732232841
,,766.3191966966967,47.43463513278584,1.1846044323509182
,,766.3243177177177,47.48702372595562,1.1862225803441877
,,766.3294387387388,47.53941231912631,1.1878415140036758
,,766.3345597597598,47.59180091229791,1.1894612300968868
,,766.3396807807808,47.64418950546769,1.1910817254379051
,,766.3448018018019,47.69657809863838,1.1927029968626992
,,766.3499228228228,47.748966691808164,1.1943250411924395
,,766.3550438438439,47.801355284978854,1.1959478552944596
,,766.3601648648648,47.853743878148634,1.197571436045508
,,766.3652858858859,47.906132471320234,1.1991957803074376
,,766.370406906907,47.958521064490924,1.2008208850121518
,,766.3755279279279,48.010909657660704,1.2024467470643376
,,766.380648948949,48.063298250831394,1.2040733633779244
,,766.3857699699699,48.115686844001175,1.205700730930353
,,766.390890990991,48.168075437172774,1.2073288466657424
,,766.3960120120121,48.220464030343464,1.2089577075613358
,,766.401133033033,48.272852623513245,1.2105873106272957
,,766.4062540540541,48.325241216684844,1.212217652834476
,,766.4113750750751,48.377629809854625,1.2138487312345847
,,766.4164960960961,48.430018403025315,1.2154805428638848
,,766.4216171171171,48.482406996195095,1.2171130847612484
,,766.4267381381381,48.534795589365785,1.218746353986067
,,766.4318591591592,48.587184182537385,1.2203803476419806
,,766.4369801801802,48.639572775707165,1.2220150627991964
,,766.4421012012012,48.691961368877855,1.223650496577974
,,766.4472222222222,48.744349962047636,1.2252866461008038
,,766.4523432432433,48.796738555218326,1.2269235084983396
,,766.4574642642643,48.849127148389925,1.2285610809330492
,,766.4625852852853,48.901515741559706,1.2301993605576185
,,766.4677063063064,48.953904334730396,1.2318383445386594
,,766.4728273273273,49.006292927900176,1.2334780300979244
,,766.4779483483484,49.058681521071776,1.2351184144353755
,,766.4830693693693,49.111070114241556,1.2367594947528755
,,766.4881903903904,49.163458707412246,1.238401268301195
,,766.4933114114115,49.215847300582936,1.240043732303425
,,766.4984324324324,49.26823589375272,1.2416868840430735
,,766.5035534534535,49.320624486924316,1.2433307207934554
,,766.5086744744744,49.3730130800941,1.244975239823621
,,766.5137954954955,49.42540167326479,1.2466204384334165
,,766.5189165165166,49.47779026643548,1.2482663139649557
,,766.5240375375375,49.53017885960526,1.2499128637150363
,,766.5291585585586,49.58256745277686,1.2515600850284705
,,766.5342795795796,49.63495604594664,1.25320797527456
,,766.5394006006006,49.68734463911733,1.2548565317889662
,,766.5445216216216,49.73973323228711,1.2565057519665952
,,766.5496426426427,49.79212182545871,1.258155633209177
,,766.5547636636637,49.8445104186294,1.259806172890581
,,766.5598846846847,49.89689901179918,1.2614573684435297
,,766.5650057057057,49.94928760496987,1.2631092173073863
,,766.5701267267267,50.00167619813965,1.2647617168936058
,,766.5752477477478,50.05406479131125,1.2664148646778561
,,766.5803687687688,50.10645338448194,1.2680686581135459
,,766.5854897897898,50.15884197765172,1.2697230946778233
,,766.5906108108109,50.21123057082241,1.2713781718771597
,,766.5957318318318,50.26361916399219,1.2730338871843
,,766.6008528528529,50.31600775716379,1.2746902381298233
,,766.6059738738738,50.36839635033357,1.2763472222504746
,,766.6110948948949,50.42078494350426,1.2780048370549772
,,766.616215915916,50.47317353667586,1.2796630801208873
,,766.6213369369369,50.52556212984564,1.2813219489862668
,,766.626457957958,50.57795072301633,1.2829814412236784
,,766.631578978979,50.63033931618611,1.2846415544343088
,,766.6367,50.6827279093568,1.2863022862195133
